{
    "360 View": "\n",
    "Adm": "\n",
    "Algorithmic Decision Making": "\n",
    "ALGORITHM": "What can algorithms can do really well? \n Can I negotiate with the algorithm?\n http://predictive.cityabc.xyz/a/ ",
    "Analytics": "\n",
    "Anonymisation": "\n",
    "Behavioural Data": "\n",
    "Bias": "\n",
    "Big Data": "\n",
    "Black Box": "\n",
    "Classification": "\n",
    "Collective Dimension": "\n",
    "Corpus": "\n",
    "Correlation": "\n",
    "Data Broker": "\n",
    "Data Scientist": "\n",
    "Deep Learning": "\n",
    "Reinforcement Learning": "\n",
    "Deep Reinforcement Learning": "\n",
    "Discrimination": "\n",
    "Efficiency": "\n",
    "Ethical Debate": "\n",
    "Happiness": " Is happiness a stable measure? \n What if happiness is not to engage with the internet? \n http://predictive.cityabc.xyz/h/",
    "Internet Of Things": "Am I a thing in the eyes of the Internet? \n Is the internet of things exclusive to some and if so, who? \n Will anonymity be possible within the internet of things? \n http://predictive.cityabc.xyz/i/",
    "Micro Trageting": "\n",
    "Neural Network": "\n",
    "Noise": "\n",
    "Pattern": "\n",
    "Ranking": "\n",
    "Personalisation": "\n",
    "Personality Traits": "\n",
    "Ocean Score": "\n",
    "The Big Five": "\n",
    "Profiling": "\n",
    "Pre-Crime": "\n",
    "Prediction": "Can we design in unpredictability? \n  Will predictability undermine personal responsibility and decision making? \n Is prediction power and if so what are the possible abuses and how do we protect ourselves from them?\n http://predictive.cityabc.xyz/p/",
    "Predictive Policing": "\n",
    "Risk Forecast": "\n",
    "Assessment": "\n",
    "Score": "\n",
    "Recommendation System": "\n",
    "Scoring System": "\n",
    "Smart": "When was the term 'Smart' introduced in the context of smart technologies? \n What makes a smart technology smart? \n What if I do not agree that the outcomes are smart? \n http://predictive.cityabc.xyz/s/",
    "Smart Things": "\n",
    "Training Data": "\n",
    "Transparency ": "\n",
    "Trust": "\n",
    "User": "\n"
}

