{
    "360 View": “As tool designed by industry experts for banks and creditunions to ‘help create, track, and grow lifelong customers’ - which human parameters does 360 View consider considerworthy? https://www.360view.com/ 360° view for complete confidence. [https://www.schufa.de/en/corporate-customers/credit-rating/]",
    "AI": "",
    "ABSTRACTION": "",
    "ACCOUNTABILITY": "",
    "ADM": "What ethical dimensions and safeguards does it have? Set by whom?
 What is ADM really good at? http://www.parliament.uk/business/committees/committees-a-z/commons-select/science-and-technology-committee/inquiries/parliament-2017/algorithms-in-decision-making-17-19/",
    “ALGORITHMIC DECISION MAKING”: "What ethical dimensions and safeguards does it have? Set by whom? What is ADM really good at http://www.parliament.uk/business/committees/committees-a-z/commons-select/science-and-technology-committee/inquiries/parliament-2017/algorithms-in-decision-making-17-19/",
    "ALGORITHM": “Who designed these algorithms and with what intention? How is the algorithms effectiveness measured? What regulation is the algorithm subject to?
Will I be informed of the outcome?
Can I negotiate with the algorithm?",
    "ANONYMISATION": "Can you make data truly anonymous? Is there a risk to anonymization of data? Why in a world of multiple identities is there only one anonymization? Can you be anonymous today and have an identity? ",
    "APRIORI ALGORITHM": "https://www.kdnuggets.com/2016/04/association-rules-apriori-algorithm-tutorial.html/2",
    "AUTOMATION": "",
    "BEHAVIOURAL DATA": “For today’s owners of surveillance capital the experiential realities of bodies, thoughts and feelings are as virgin and blameless as nature’s once-plentiful meadows, rivers, oceans and forests before they fell to the market dynamic. We have no formal control over these processes because we are not essential to the new market action. Instead we are exiles from our own behaviour, denied access to or control over knowledge derived from its dispossession by others for others. [Shoshana Zuboff https://www.theguardian.com/technology/2019/jan/20/shoshana-zuboff-age-of-surveillance-capitalism-google-facebook/]”,
    "BIAS": "What is non-biased judgment? Would I rather be judged by a human or ADM judge? In 2014, then U.S. Attorney General Eric Holder warned that the risk scores might be injecting bias into the courts. [Machine Bias  https://www.propublica.org/article/machine-bias-risk-assessments-in-criminal-sentencing]",
    "BIG DATA": "Who has the key and who actually understands whats inside? Big Data: data that has the '4 V’s': Volume, Velocity, Veracity, Variety. [Employee Analytics Terms: Glossary http://www.talentanalytics.com/resources/talent-analytics-glossary/]",
    "BLACK BOX": "US politicos wake up to danger of black-box algorithms shaping all corners of American lifehttps://www.theregister.co.uk/2017/12/02/blackbox_code_us_house_committee/Every day, corporations are connecting the dots about our personal behavior—silently scrutinizing clues left behind by our work habits and Internet use. The data compiled and portraits created are incredibly detailed, to the point of being invasive. But who connects the dots about what firms are doing with this information? The Black Box Society argues that we all need to be able to do so—and to set limits on how big data affects our lives.[The Black Box Society, The Secret Algorithms That Control Money and Information http://www.hup.harvard.edu/catalog.php?isbn=9780674368279]",
    "CANDIDATE GENERATION": "",
    "CLASSIFICATION, CLASS, CATEGORY": "Mosaic is a powerful cross-channel consumer classification system built for today's multi-channel world. It has evolved to help you understand your customers in extraordinary depth and detail, and communicate with them in the most relevant ways.  [Mosaic - The consumer classification solution for consistent cross-channel marketing http://www.experian.co.uk/marketing-services/products/mosaic-uk.html]",
    "COLLECTIVE DIMENSION": "What is left out of the collective dimension? Can algorithmic processes, which exhibit a collective dimension first and foremost, be addressed at the level of individual rights? ",
    "CORPUS": "Many existing recommendation algorithms proven to work well on small problems fail to operate on our scale. Highly specialized distributed learning algorithms and efficient serving systems are essential for handling YouTube’s massive user base and corpus. [Deep Neural Networks for YouTube Recommendations https://static.googleusercontent.com/media/research.google.com/en//pubs/archive/45530.pdf]",
    "CORRELATION - CAUSATION": "How can we ‘cheat’ correlations that threaten our freedoms?Decision-making systems that assume correlation necessarily implies causation, whereby a programmer or the algorithmic system itself may assume that because two factors frequently occur together (e.g., having a certain income level and being of a particular ethnicity), there is necessarily a causal relationship between the two. Assuming a causal relationship in these circumstances can lead to discrimination. [Big Data: A Report on Algorithmic Systems, Opportunity, and Civil Rights https://obamawhitehouse.archives.gov/sites/default/files/microsites/ostp/2016_0504_data_discrimination.pdf ]",
    "CREDIT SCORING": "Think of your credit scores like a report card that you might review at the end of a school term, but instead of letter grades, your activity ends up within a scoring range. However, unlike academic grades, credit scores aren’t stored as part of your credit history. Rather, your score is generated each time a lender requests it, according to the credit scoring model of their choice. https://www.experian.com/blogs/ask-experian/credit-education/score-basics/what-is-a-good-credit-score/ ",
    "DATABASE,": "",
    "DATASET": "",
    "DATA RECORDS": "",
    "DATA SOURCES": "",
    "DATA INFRASTRUCTURE": "",
    "DATA BROKER": "",
    "Data brokers, and the profiling techniques often at their core, are giving large institutions more visibility than ever before into people’s lives. [https://www.opensocietyfoundations.org/reports/data-brokers-open-society]": "",
    "DATA SCIENTIST": "Visualizing and communicating data is incredibly important, especially with young companies that are making data-driven decisions for the first time, or companies where data scientists are viewed as people who help others make data-driven decisions. [8 Skills You Need to Be a Data Scientist  https://blog.udacity.com/2014/11/data-science-job-skills.html] ",
    "DEEP LEARNING": "",
    "REINFORCEMENT LEARNING": "Reinforcement learning holds the promise of enabling autonomous robots to learn large repertoires of behavioral skills with minimal human intervention. [Deep Reinforcement Learning for Robotic Manipulation https://deepmind.com/research/publications/deep-reinforcement-learning-robotic-manipulation/]",
    "DISCRIMINATION": "Data sets that lack information or disproportionately represent certain populations, resulting in skewed algorithmic systems that effectively encode discrimination because of the flawed nature of the initial inputs. [Big Data: A Report on Algorithmic Systems, Opportunity, and Civil Rights https://obamawhitehouse.archives.gov/sites/default/files/microsites/ostp/2016_0504_data_discrimination.pdf ]",
    "EFFICIENCY": "It is an asset, and you can be sure that Amazon will exploit it in every way its terms and conditions permit – including by using it to develop behavioural models that map our desires in high resolution, so as to target them with even greater efficiency in the future. [https://www.theguardian.com/technology/2017/jun/06/internet-of-things-smart-home-smart-city]",
    "ETHICAL DEBATE": "Technology is not value neutral, and technologists must take responsibility for the ethical and social impact of their work. In a field as complex as AI this is easier said than done, which is why we are committed to deep research into ethical and social questions, the inclusion of many voices, and ongoing critical reflection. [DeepMind https://deepmind.com/applied/deepmind-ethics-society/ ]",
    "FILTER": "",
    "HAPPINESS": "Can we agree on a measure, or even a definition, of happiness across a society? within a family, even? What if my happiness depends on someone else’s misery?
What if happiness is not to engage with the internet? 
Once we are able to manage and meet people’s experiences, we will be able to rise on the happiness index. It is vital because if people are not happy, they don’t stick around in the city, they leave. [Ahmed Bin Byat, CEO of Dubai Holding gulfbusiness.com]",
    "HISTORY": "",
    "IDENTITY": "The research shows that personal information is valuable to identity thieves, and if they can get access to it, they will use it. https://www.experian.com/blogs/ask-experian/what-can-identity-thieves-do-with-your-personal-information-and-how-can-you-protect-yourself/",
    "INDUCTIVE": "We live with many kinds of artificial intelligence algorithms, and it includes deductive, inductive, and abductive reasoning. One type of reasoning cannot solve all problems. We have to choose algorithms selectively for the purpose of problems.https://www.twinword.com/blog/3-types-of-reasoning-and-alphago/",
    "DEDUCTIVE": "We live with many kinds of artificial intelligence algorithms, and it includes deductive, inductive, and abductive reasoning. One type of reasoning cannot solve all problems. We have to choose algorithms selectively for the purpose of problems.https://www.twinword.com/blog/3-types-of-reasoning-and-alphago/",
    "INTERNET OF THINGS": "Am I thing in the eyes of the Internet? Am I part of the conversation happening between the things that surround me?”,
    "INTERPRETATION": "",
    "LOGIC": "",
    "MICRO TRAGETING": "Facebook political adverts can be micro-targeted. That means that the data Facebook has on us - our likes, dislikes, habits and tendencies - are used to create psychological profiles.  [Using Behavioral Data in Elections: Video https://ourdataourselves.tacticaltech.org/posts/video-data-and-elections/]",
    "MACHINE LEARNING": "",
    "MONOPOLY": "",
    "MODEL": "",
    "NETWORK": "",
    "NEURAL NETWORK": "Neural networks enable quicker and smarter AI machines, for example, an object recognition system. This system could be fed thousands of images of cars, houses, people, and so on, and it would find visual patterns in the images that consistently correlate with a particular object. And the more data you feed it, the more accurate it will become.https://www.lockheedmartin.com/us/innovations/100917-how-cyber-experts-use-artificial-intelligence.html?linkId=100000001300613",
    "NOISE": "Can I increase noise?It depends how you define the \"noise\" and how it is caused. Since you didn't provide much information about your case, I'll take your question as \"how to make the curve smooth\". Kalman filter can do this, but it's too complex, I'd prefer simple IIR filterhttps://stackoverflow.com/questions/37598986/reducing-noise-on-data",
    "PATTERN": "Using only three data points – crime type, crime location and crime date/time – PredPol’s powerful software provides each law enforcement agency with customized crime predictions for the places and times that crimes are most likely to occur.https://www.predpol.com/how-predictive-policing-works/",
    "RANKING": "How about a world ranking feature for all Strava users. IE on your Strava profile you get a global rank on the year for mileage, elevation climbed, number of workouts, average pace, etc...Would be fun feature to see how you stack up. https://support.strava.com/hc/en-us/community/posts/115000085510-Strava-World-Rank",
    "PERSONALISATION": "Under Settings->Apps, facebook has a section \"Instant Personalisation\". This seems quite scary -it looks like they're proposing to automatically share my data with many websites that I happen to visit!! https://www.facebook.com/help/community/question/?id=10200602544212617",
    "POSSIBLE EVENTS": "",
    "PROFILING": "The voter profiling provided by Cambridge Analytica has given significant insights into Cruz’s target audience and how to best approach and convert them into supports of the campaign. [https://ca-political.com/news/cruzs-spending-tactics-take-modern-twist]",
    "PROBABILITY": "",
    "PREDICTION": "How probable and how precise does a prediction have to be to be useful? How strong is the self-fulfilling prophecy effect in predictions made about human behaviour?
What events in your future life would you NOT want to be able to predict?",
    "RISK FORECAST": "This project was recently completed and is called the Ohio Risk Assessment System (ORAS). The ORAS tools can be used at pretrial, prior to or while on community supervision, at prison intake, and in preparation for reentry just prior to release from prison. http://www.drc.ohio.gov/oras",
    "RISK ASSESSMENT": "This project was recently completed and is called the Ohio Risk Assessment System (ORAS). The ORAS tools can be used at pretrial, prior to or while on community supervision, at prison intake, and in preparation for reentry just prior to release from prison. http://www.drc.ohio.gov/oras",
    "REGULATION": "Democratic societies have the duty to achieve intelligibility of ADM with a mix of technologies, regulation, and suitable oversight institutions. https://algorithmwatch.org/en/the-adm-manifesto/",
    "RECOMMENDATION SYSTEM": "Recommendation systems are emerging as important tools for predicting user preferences. Our framework for matrix factorization and computing top user recommendations is able to efficiently handle Facebook's massive data sets with 100 billion ratings. It is easy to use and extend with other approaches.https://code.facebook.com/posts/861999383875667/recommending-items-to-more-than-a-billion-people/",
    "QUANTIFICATION": "It is expected that all providers to the criminal justice system shall use a validated human specific quantification technique for casework samples,  which is verified to demonstrate its limit of detection, limit of quantitation, accuracy, reproducibility and measurement of uncertainty appropriate to the sensitivity of the DNA profiling service offered.https://www.gov.uk/government/uploads/system/uploads/attachment_data/file/355357/CodePracticeConductDNAanalysisIssue1.pdf",
    "SCORING SYSTEM": "Can a scoring system allow for qualitative measures?Neue Kreditvergabe. Wie steht es um Rückzahlung Modalitäten?",
    "SMART": "When was the term 'Smart' introduced in the context of smart technologies?What makes a smart technologie smart?SmartThings lets you connect with hundreds of compatible smart devices for limitless possibilities… Stay aware of changes in temperature and movement, find out when something unexpected happens, and teach your home to fit in with your daily routine. [Samsung  http://www.samsung.com/uk/smartthings/]",
    "TARGET GROUP": "There’s no central place where people can search the millions of ads on Facebook to see what ads are running about a certain subject, so unless users are part of the target audience, they wouldn’t necessarily know that a grouphttps://www.wellsfargo.com/financial-education/basic-finances/financial-challenges/repair-credit/affect-credit-scorehttps://www.propublica.org/article/facebook-experiment-ad-transparency-toronto-canada",
    "TRAINING DATA": " ",
    "TRANSPARENCY": "Whats the dividing line between being transparent and efficient? Does transparency obscure?There was also an interest in having algorithmic transparency for the rationale of why you’re seeing something in your feed. What exactly caused an element to be included? https://towcenter.org/towards-a-standard-for-algorithmic-transparency-in-the-media/",
    "TRUST": "How can you be sure to what extent information in the news is reliable? The blockchain lets people who have no particular confidence in each other collaborate without having to go through a neutral central authority. Simply put, it is a machine for creating trust. https://www.economist.com/news/leaders/21677198-technology-behind-bitcoin-could-transform-how-economy-works-trust-machine”,
    “SMART”: "Would you mind being outsmarted by your domestic appliances? Is ‘smartness’ (intelligence) on its own enough, or does it need guidance through other values (ethics, emotions etc)? “,
    "SCORE": "This project was recently completed and is called the Ohio Risk Assessment System (ORAS). The ORAS tools can be used at pretrial, prior to or while on community supervision, at prison intake, and in preparation for reentry just prior to release from prison. http://www.drc.ohio.gov/oras",
    “USER”: “Is the user the new currency?"
}